App,TestClass,TestFilePath,ProductionFilePath,RelativeTestFilePath,RelativeProductionFilePath,Assertion Roulette,Conditional Test Logic,Constructor Initialization,Dead Fields,Default Test,EmptyTest,Exception Catching Throwing,General Fixture,Lack of Cohesion,Mystery Guest,Print Statement,Redundant Assertion,Sensitive Equality,Verbose Test,Sleepy Test,Eager Test,Lazy Test,Duplicate Assert,Unknown Test,IgnoredTest,Resource Optimism,Magic Number Test,Dependent Test
commons-collections,ListUtilsTest.java,/home/ubuntu/experiments/projects/commons-collections/src/test/java/org/apache/commons/collections4/ListUtilsTest.java,/home/ubuntu/experiments/projects/commons-collections/src/main/java/org/apache/commons/collections4/ListUtils.java,src/test/java/org/apache/commons/collections4/ListUtilsTest.java,src/main/java/org/apache/commons/collections4/ListUtils.java,true,true,false,true,false,false,true,true,true,false,false,false,false,false,false,true,true,true,false,false,false,true,false
commons-collections,MultiSetUtilsTest.java,/home/ubuntu/experiments/projects/commons-collections/src/test/java/org/apache/commons/collections4/MultiSetUtilsTest.java,/home/ubuntu/experiments/projects/commons-collections/src/main/java/org/apache/commons/collections4/MultiSetUtils.java,src/test/java/org/apache/commons/collections4/MultiSetUtilsTest.java,src/main/java/org/apache/commons/collections4/MultiSetUtils.java,true,true,false,true,false,false,true,true,true,false,false,false,false,false,false,true,true,true,false,false,false,true,false
commons-collections,ClosureUtilsTest.java,/home/ubuntu/experiments/projects/commons-collections/src/test/java/org/apache/commons/collections4/ClosureUtilsTest.java,/home/ubuntu/experiments/projects/commons-collections/src/main/java/org/apache/commons/collections4/ClosureUtils.java,src/test/java/org/apache/commons/collections4/ClosureUtilsTest.java,src/main/java/org/apache/commons/collections4/ClosureUtils.java,true,true,false,true,false,false,true,true,true,false,false,true,true,false,false,true,true,true,false,false,false,true,false
commons-collections,PredicateUtilsTest.java,/home/ubuntu/experiments/projects/commons-collections/src/test/java/org/apache/commons/collections4/PredicateUtilsTest.java,/home/ubuntu/experiments/projects/commons-collections/src/main/java/org/apache/commons/collections4/PredicateUtils.java,src/test/java/org/apache/commons/collections4/PredicateUtilsTest.java,src/main/java/org/apache/commons/collections4/PredicateUtils.java,true,true,false,true,false,false,true,true,true,false,false,true,true,false,false,true,true,true,false,false,false,true,false
commons-collections,ArrayStackTest.java,/home/ubuntu/experiments/projects/commons-collections/src/test/java/org/apache/commons/collections4/ArrayStackTest.java,/home/ubuntu/experiments/projects/commons-collections/src/main/java/org/apache/commons/collections4/ArrayStack.java,src/test/java/org/apache/commons/collections4/ArrayStackTest.java,src/main/java/org/apache/commons/collections4/ArrayStack.java,true,true,true,true,false,false,true,true,true,false,false,true,true,false,false,true,true,true,false,false,false,true,false
commons-collections,BagUtilsTest.java,/home/ubuntu/experiments/projects/commons-collections/src/test/java/org/apache/commons/collections4/BagUtilsTest.java,/home/ubuntu/experiments/projects/commons-collections/src/main/java/org/apache/commons/collections4/BagUtils.java,src/test/java/org/apache/commons/collections4/BagUtilsTest.java,src/main/java/org/apache/commons/collections4/BagUtils.java,true,true,true,true,false,false,true,true,true,false,false,true,true,false,false,true,true,true,false,false,false,true,false
commons-collections,SetUtilsTest.java,/home/ubuntu/experiments/projects/commons-collections/src/test/java/org/apache/commons/collections4/SetUtilsTest.java,/home/ubuntu/experiments/projects/commons-collections/src/main/java/org/apache/commons/collections4/SetUtils.java,src/test/java/org/apache/commons/collections4/SetUtilsTest.java,src/main/java/org/apache/commons/collections4/SetUtils.java,true,true,true,true,false,false,true,true,true,false,false,true,true,false,false,true,true,true,false,false,false,true,false
commons-collections,IterableUtilsTest.java,/home/ubuntu/experiments/projects/commons-collections/src/test/java/org/apache/commons/collections4/IterableUtilsTest.java,/home/ubuntu/experiments/projects/commons-collections/src/main/java/org/apache/commons/collections4/IterableUtils.java,src/test/java/org/apache/commons/collections4/IterableUtilsTest.java,src/main/java/org/apache/commons/collections4/IterableUtils.java,true,true,true,true,false,false,true,true,true,false,false,true,true,false,false,true,true,true,false,false,false,true,false
commons-collections,MultiMapUtilsTest.java,/home/ubuntu/experiments/projects/commons-collections/src/test/java/org/apache/commons/collections4/MultiMapUtilsTest.java,/home/ubuntu/experiments/projects/commons-collections/src/main/java/org/apache/commons/collections4/MultiMapUtils.java,src/test/java/org/apache/commons/collections4/MultiMapUtilsTest.java,src/main/java/org/apache/commons/collections4/MultiMapUtils.java,true,true,true,true,false,false,true,true,true,false,false,true,true,false,false,true,true,true,false,false,false,true,false
commons-collections,CollectionUtilsTest.java,/home/ubuntu/experiments/projects/commons-collections/src/test/java/org/apache/commons/collections4/CollectionUtilsTest.java,/home/ubuntu/experiments/projects/commons-collections/src/main/java/org/apache/commons/collections4/CollectionUtils.java,src/test/java/org/apache/commons/collections4/CollectionUtilsTest.java,src/main/java/org/apache/commons/collections4/CollectionUtils.java,true,true,true,true,false,false,true,true,true,false,false,true,true,false,false,true,true,true,false,false,false,true,false
commons-collections,TrieUtilsTest.java,/home/ubuntu/experiments/projects/commons-collections/src/test/java/org/apache/commons/collections4/TrieUtilsTest.java,/home/ubuntu/experiments/projects/commons-collections/src/main/java/org/apache/commons/collections4/TrieUtils.java,src/test/java/org/apache/commons/collections4/TrieUtilsTest.java,src/main/java/org/apache/commons/collections4/TrieUtils.java,true,true,true,true,false,false,true,true,true,false,false,true,true,false,false,true,true,true,false,false,false,true,false
commons-collections,ComparatorUtilsTest.java,/home/ubuntu/experiments/projects/commons-collections/src/test/java/org/apache/commons/collections4/ComparatorUtilsTest.java,/home/ubuntu/experiments/projects/commons-collections/src/main/java/org/apache/commons/collections4/ComparatorUtils.java,src/test/java/org/apache/commons/collections4/ComparatorUtilsTest.java,src/main/java/org/apache/commons/collections4/ComparatorUtils.java,true,true,true,true,false,false,true,true,true,false,false,true,true,false,false,true,true,true,false,false,false,true,false
commons-collections,TransformerUtilsTest.java,/home/ubuntu/experiments/projects/commons-collections/src/test/java/org/apache/commons/collections4/TransformerUtilsTest.java,/home/ubuntu/experiments/projects/commons-collections/src/main/java/org/apache/commons/collections4/TransformerUtils.java,src/test/java/org/apache/commons/collections4/TransformerUtilsTest.java,src/main/java/org/apache/commons/collections4/TransformerUtils.java,true,true,true,true,false,false,true,true,true,false,false,true,true,false,false,true,true,true,false,false,false,true,false
commons-collections,EnumerationUtilsTest.java,/home/ubuntu/experiments/projects/commons-collections/src/test/java/org/apache/commons/collections4/EnumerationUtilsTest.java,/home/ubuntu/experiments/projects/commons-collections/src/main/java/org/apache/commons/collections4/EnumerationUtils.java,src/test/java/org/apache/commons/collections4/EnumerationUtilsTest.java,src/main/java/org/apache/commons/collections4/EnumerationUtils.java,true,true,true,true,false,false,true,true,true,false,false,true,true,false,false,true,true,true,false,false,false,true,false
commons-collections,FactoryUtilsTest.java,/home/ubuntu/experiments/projects/commons-collections/src/test/java/org/apache/commons/collections4/FactoryUtilsTest.java,/home/ubuntu/experiments/projects/commons-collections/src/main/java/org/apache/commons/collections4/FactoryUtils.java,src/test/java/org/apache/commons/collections4/FactoryUtilsTest.java,src/main/java/org/apache/commons/collections4/FactoryUtils.java,true,true,true,true,false,false,true,true,true,false,false,true,true,false,false,true,true,true,false,false,false,true,false
commons-collections,QueueUtilsTest.java,/home/ubuntu/experiments/projects/commons-collections/src/test/java/org/apache/commons/collections4/QueueUtilsTest.java,/home/ubuntu/experiments/projects/commons-collections/src/main/java/org/apache/commons/collections4/QueueUtils.java,src/test/java/org/apache/commons/collections4/QueueUtilsTest.java,src/main/java/org/apache/commons/collections4/QueueUtils.java,true,true,true,true,false,false,true,true,true,false,false,true,true,false,false,true,true,true,false,false,false,true,false
commons-collections,IteratorUtilsTest.java,/home/ubuntu/experiments/projects/commons-collections/src/test/java/org/apache/commons/collections4/IteratorUtilsTest.java,/home/ubuntu/experiments/projects/commons-collections/src/main/java/org/apache/commons/collections4/IteratorUtils.java,src/test/java/org/apache/commons/collections4/IteratorUtilsTest.java,src/main/java/org/apache/commons/collections4/IteratorUtils.java,true,true,true,true,false,false,true,true,true,false,false,true,true,false,false,true,true,true,false,false,false,true,false
commons-collections,FluentIterableTest.java,/home/ubuntu/experiments/projects/commons-collections/src/test/java/org/apache/commons/collections4/FluentIterableTest.java,/home/ubuntu/experiments/projects/commons-collections/src/main/java/org/apache/commons/collections4/FluentIterable.java,src/test/java/org/apache/commons/collections4/FluentIterableTest.java,src/main/java/org/apache/commons/collections4/FluentIterable.java,true,true,true,true,false,false,true,true,true,false,false,true,true,false,false,true,true,true,false,false,false,true,false
commons-collections,MapUtilsTest.java,/home/ubuntu/experiments/projects/commons-collections/src/test/java/org/apache/commons/collections4/MapUtilsTest.java,/home/ubuntu/experiments/projects/commons-collections/src/main/java/org/apache/commons/collections4/MapUtils.java,src/test/java/org/apache/commons/collections4/MapUtilsTest.java,src/main/java/org/apache/commons/collections4/MapUtils.java,true,true,true,true,false,false,true,true,true,false,false,true,true,false,false,true,true,true,false,false,false,true,false
commons-collections,SplitMapUtilsTest.java,/home/ubuntu/experiments/projects/commons-collections/src/test/java/org/apache/commons/collections4/SplitMapUtilsTest.java,/home/ubuntu/experiments/projects/commons-collections/src/main/java/org/apache/commons/collections4/SplitMapUtils.java,src/test/java/org/apache/commons/collections4/SplitMapUtilsTest.java,src/main/java/org/apache/commons/collections4/SplitMapUtils.java,true,true,true,true,false,false,true,true,true,false,false,true,true,false,false,true,true,true,false,false,false,true,false
commons-collections,PatriciaTrieTest.java,/home/ubuntu/experiments/projects/commons-collections/src/test/java/org/apache/commons/collections4/trie/PatriciaTrieTest.java,/home/ubuntu/experiments/projects/commons-collections/src/main/java/org/apache/commons/collections4/trie/PatriciaTrie.java,src/test/java/org/apache/commons/collections4/trie/PatriciaTrieTest.java,src/main/java/org/apache/commons/collections4/trie/PatriciaTrie.java,true,true,true,true,false,false,true,true,true,false,false,true,true,true,false,true,true,true,false,false,false,true,false
commons-collections,UnmodifiableTrieTest.java,/home/ubuntu/experiments/projects/commons-collections/src/test/java/org/apache/commons/collections4/trie/UnmodifiableTrieTest.java,/home/ubuntu/experiments/projects/commons-collections/src/main/java/org/apache/commons/collections4/trie/UnmodifiableTrie.java,src/test/java/org/apache/commons/collections4/trie/UnmodifiableTrieTest.java,src/main/java/org/apache/commons/collections4/trie/UnmodifiableTrie.java,true,true,true,true,false,false,true,true,true,false,false,true,true,true,false,true,true,true,false,false,false,true,false
commons-collections,SequencesComparatorTest.java,/home/ubuntu/experiments/projects/commons-collections/src/test/java/org/apache/commons/collections4/sequence/SequencesComparatorTest.java,/home/ubuntu/experiments/projects/commons-collections/src/main/java/org/apache/commons/collections4/sequence/SequencesComparator.java,src/test/java/org/apache/commons/collections4/sequence/SequencesComparatorTest.java,src/main/java/org/apache/commons/collections4/sequence/SequencesComparator.java,true,true,true,true,false,false,true,true,true,false,false,true,true,true,false,true,true,true,false,false,false,true,false
commons-collections,TransformingComparatorTest.java,/home/ubuntu/experiments/projects/commons-collections/src/test/java/org/apache/commons/collections4/comparators/TransformingComparatorTest.java,/home/ubuntu/experiments/projects/commons-collections/src/main/java/org/apache/commons/collections4/comparators/TransformingComparator.java,src/test/java/org/apache/commons/collections4/comparators/TransformingComparatorTest.java,src/main/java/org/apache/commons/collections4/comparators/TransformingComparator.java,true,true,true,true,false,false,true,true,true,false,false,true,true,true,false,true,true,true,false,false,false,true,false
commons-collections,FixedOrderComparatorTest.java,/home/ubuntu/experiments/projects/commons-collections/src/test/java/org/apache/commons/collections4/comparators/FixedOrderComparatorTest.java,/home/ubuntu/experiments/projects/commons-collections/src/main/java/org/apache/commons/collections4/comparators/FixedOrderComparator.java,src/test/java/org/apache/commons/collections4/comparators/FixedOrderComparatorTest.java,src/main/java/org/apache/commons/collections4/comparators/FixedOrderComparator.java,true,true,true,true,false,false,true,true,true,false,false,true,true,true,false,true,true,true,false,false,false,true,false
commons-collections,ComparatorChainTest.java,/home/ubuntu/experiments/projects/commons-collections/src/test/java/org/apache/commons/collections4/comparators/ComparatorChainTest.java,/home/ubuntu/experiments/projects/commons-collections/src/main/java/org/apache/commons/collections4/comparators/ComparatorChain.java,src/test/java/org/apache/commons/collections4/comparators/ComparatorChainTest.java,src/main/java/org/apache/commons/collections4/comparators/ComparatorChain.java,true,true,true,true,false,false,true,true,true,false,false,true,true,true,false,true,true,true,false,false,false,true,false
commons-collections,ComparableComparatorTest.java,/home/ubuntu/experiments/projects/commons-collections/src/test/java/org/apache/commons/collections4/comparators/ComparableComparatorTest.java,/home/ubuntu/experiments/projects/commons-collections/src/main/java/org/apache/commons/collections4/comparators/ComparableComparator.java,src/test/java/org/apache/commons/collections4/comparators/ComparableComparatorTest.java,src/main/java/org/apache/commons/collections4/comparators/ComparableComparator.java,true,true,true,true,false,false,true,true,true,false,false,true,true,true,false,true,true,true,false,false,false,true,false
commons-collections,ReverseComparatorTest.java,/home/ubuntu/experiments/projects/commons-collections/src/test/java/org/apache/commons/collections4/comparators/ReverseComparatorTest.java,/home/ubuntu/experiments/projects/commons-collections/src/main/java/org/apache/commons/collections4/comparators/ReverseComparator.java,src/test/java/org/apache/commons/collections4/comparators/ReverseComparatorTest.java,src/main/java/org/apache/commons/collections4/comparators/ReverseComparator.java,true,true,true,true,false,false,true,true,true,false,false,true,true,true,false,true,true,true,false,false,false,true,false
commons-collections,BooleanComparatorTest.java,/home/ubuntu/experiments/projects/commons-collections/src/test/java/org/apache/commons/collections4/comparators/BooleanComparatorTest.java,/home/ubuntu/experiments/projects/commons-collections/src/main/java/org/apache/commons/collections4/comparators/BooleanComparator.java,src/test/java/org/apache/commons/collections4/comparators/BooleanComparatorTest.java,src/main/java/org/apache/commons/collections4/comparators/BooleanComparator.java,true,true,true,true,false,false,true,true,true,false,false,true,true,true,false,true,true,true,true,false,false,true,false
commons-collections,HashMultiSetTest.java,/home/ubuntu/experiments/projects/commons-collections/src/test/java/org/apache/commons/collections4/multiset/HashMultiSetTest.java,/home/ubuntu/experiments/projects/commons-collections/src/main/java/org/apache/commons/collections4/multiset/HashMultiSet.java,src/test/java/org/apache/commons/collections4/multiset/HashMultiSetTest.java,src/main/java/org/apache/commons/collections4/multiset/HashMultiSet.java,true,true,true,true,false,false,true,true,true,false,false,true,true,true,false,true,true,true,true,false,false,true,false
commons-collections,PredicatedMultiSetTest.java,/home/ubuntu/experiments/projects/commons-collections/src/test/java/org/apache/commons/collections4/multiset/PredicatedMultiSetTest.java,/home/ubuntu/experiments/projects/commons-collections/src/main/java/org/apache/commons/collections4/multiset/PredicatedMultiSet.java,src/test/java/org/apache/commons/collections4/multiset/PredicatedMultiSetTest.java,src/main/java/org/apache/commons/collections4/multiset/PredicatedMultiSet.java,true,true,true,true,false,false,true,true,true,false,false,true,true,true,false,true,true,true,true,false,false,true,false
commons-collections,SynchronizedMultiSetTest.java,/home/ubuntu/experiments/projects/commons-collections/src/test/java/org/apache/commons/collections4/multiset/SynchronizedMultiSetTest.java,/home/ubuntu/experiments/projects/commons-collections/src/main/java/org/apache/commons/collections4/multiset/SynchronizedMultiSet.java,src/test/java/org/apache/commons/collections4/multiset/SynchronizedMultiSetTest.java,src/main/java/org/apache/commons/collections4/multiset/SynchronizedMultiSet.java,true,true,true,true,false,false,true,true,true,false,false,true,true,true,false,true,true,true,true,false,false,true,false
commons-collections,UnmodifiableMultiSetTest.java,/home/ubuntu/experiments/projects/commons-collections/src/test/java/org/apache/commons/collections4/multiset/UnmodifiableMultiSetTest.java,/home/ubuntu/experiments/projects/commons-collections/src/main/java/org/apache/commons/collections4/multiset/UnmodifiableMultiSet.java,src/test/java/org/apache/commons/collections4/multiset/UnmodifiableMultiSetTest.java,src/main/java/org/apache/commons/collections4/multiset/UnmodifiableMultiSet.java,true,true,true,true,false,false,true,true,true,false,false,true,true,true,false,true,true,true,true,false,false,true,false
commons-collections,TransformedSetTest.java,/home/ubuntu/experiments/projects/commons-collections/src/test/java/org/apache/commons/collections4/set/TransformedSetTest.java,/home/ubuntu/experiments/projects/commons-collections/src/main/java/org/apache/commons/collections4/set/TransformedSet.java,src/test/java/org/apache/commons/collections4/set/TransformedSetTest.java,src/main/java/org/apache/commons/collections4/set/TransformedSet.java,true,true,true,true,false,false,true,true,true,false,false,true,true,true,false,true,true,true,true,false,false,true,false
commons-collections,CompositeSetTest.java,/home/ubuntu/experiments/projects/commons-collections/src/test/java/org/apache/commons/collections4/set/CompositeSetTest.java,/home/ubuntu/experiments/projects/commons-collections/src/main/java/org/apache/commons/collections4/set/CompositeSet.java,src/test/java/org/apache/commons/collections4/set/CompositeSetTest.java,src/main/java/org/apache/commons/collections4/set/CompositeSet.java,true,true,true,true,false,false,true,true,true,false,false,true,true,true,false,true,true,true,true,false,false,true,false
commons-collections,PredicatedNavigableSetTest.java,/home/ubuntu/experiments/projects/commons-collections/src/test/java/org/apache/commons/collections4/set/PredicatedNavigableSetTest.java,/home/ubuntu/experiments/projects/commons-collections/src/main/java/org/apache/commons/collections4/set/PredicatedNavigableSet.java,src/test/java/org/apache/commons/collections4/set/PredicatedNavigableSetTest.java,src/main/java/org/apache/commons/collections4/set/PredicatedNavigableSet.java,true,true,true,true,false,false,true,true,true,false,false,true,true,true,false,true,true,true,true,false,false,true,false
commons-collections,TransformedNavigableSetTest.java,/home/ubuntu/experiments/projects/commons-collections/src/test/java/org/apache/commons/collections4/set/TransformedNavigableSetTest.java,/home/ubuntu/experiments/projects/commons-collections/src/main/java/org/apache/commons/collections4/set/TransformedNavigableSet.java,src/test/java/org/apache/commons/collections4/set/TransformedNavigableSetTest.java,src/main/java/org/apache/commons/collections4/set/TransformedNavigableSet.java,true,true,true,true,false,false,true,true,true,false,false,true,true,true,false,true,true,true,true,false,false,true,false
commons-collections,PredicatedSortedSetTest.java,/home/ubuntu/experiments/projects/commons-collections/src/test/java/org/apache/commons/collections4/set/PredicatedSortedSetTest.java,/home/ubuntu/experiments/projects/commons-collections/src/main/java/org/apache/commons/collections4/set/PredicatedSortedSet.java,src/test/java/org/apache/commons/collections4/set/PredicatedSortedSetTest.java,src/main/java/org/apache/commons/collections4/set/PredicatedSortedSet.java,true,true,true,true,false,false,true,true,true,false,false,true,true,true,false,true,true,true,true,false,false,true,false
commons-collections,TransformedSortedSetTest.java,/home/ubuntu/experiments/projects/commons-collections/src/test/java/org/apache/commons/collections4/set/TransformedSortedSetTest.java,/home/ubuntu/experiments/projects/commons-collections/src/main/java/org/apache/commons/collections4/set/TransformedSortedSet.java,src/test/java/org/apache/commons/collections4/set/TransformedSortedSetTest.java,src/main/java/org/apache/commons/collections4/set/TransformedSortedSet.java,true,true,true,true,false,false,true,true,true,false,false,true,true,true,false,true,true,true,true,false,false,true,false
commons-collections,PredicatedSetTest.java,/home/ubuntu/experiments/projects/commons-collections/src/test/java/org/apache/commons/collections4/set/PredicatedSetTest.java,/home/ubuntu/experiments/projects/commons-collections/src/main/java/org/apache/commons/collections4/set/PredicatedSet.java,src/test/java/org/apache/commons/collections4/set/PredicatedSetTest.java,src/main/java/org/apache/commons/collections4/set/PredicatedSet.java,true,true,true,true,false,false,true,true,true,false,false,true,true,true,false,true,true,true,true,false,false,true,false
commons-collections,UnmodifiableSetTest.java,/home/ubuntu/experiments/projects/commons-collections/src/test/java/org/apache/commons/collections4/set/UnmodifiableSetTest.java,/home/ubuntu/experiments/projects/commons-collections/src/main/java/org/apache/commons/collections4/set/UnmodifiableSet.java,src/test/java/org/apache/commons/collections4/set/UnmodifiableSetTest.java,src/main/java/org/apache/commons/collections4/set/UnmodifiableSet.java,true,true,true,true,false,false,true,true,true,false,false,true,true,true,false,true,true,true,true,false,false,true,false
commons-collections,UnmodifiableNavigableSetTest.java,/home/ubuntu/experiments/projects/commons-collections/src/test/java/org/apache/commons/collections4/set/UnmodifiableNavigableSetTest.java,/home/ubuntu/experiments/projects/commons-collections/src/main/java/org/apache/commons/collections4/set/UnmodifiableNavigableSet.java,src/test/java/org/apache/commons/collections4/set/UnmodifiableNavigableSetTest.java,src/main/java/org/apache/commons/collections4/set/UnmodifiableNavigableSet.java,true,true,true,true,false,false,true,true,true,false,false,true,true,true,false,true,true,true,true,false,false,true,false
commons-collections,UnmodifiableSortedSetTest.java,/home/ubuntu/experiments/projects/commons-collections/src/test/java/org/apache/commons/collections4/set/UnmodifiableSortedSetTest.java,/home/ubuntu/experiments/projects/commons-collections/src/main/java/org/apache/commons/collections4/set/UnmodifiableSortedSet.java,src/test/java/org/apache/commons/collections4/set/UnmodifiableSortedSetTest.java,src/main/java/org/apache/commons/collections4/set/UnmodifiableSortedSet.java,true,true,true,true,false,false,true,true,true,false,false,true,true,true,false,true,true,true,true,false,false,true,false
commons-collections,ListOrderedSetTest.java,/home/ubuntu/experiments/projects/commons-collections/src/test/java/org/apache/commons/collections4/set/ListOrderedSetTest.java,/home/ubuntu/experiments/projects/commons-collections/src/main/java/org/apache/commons/collections4/set/ListOrderedSet.java,src/test/java/org/apache/commons/collections4/set/ListOrderedSetTest.java,src/main/java/org/apache/commons/collections4/set/ListOrderedSet.java,true,true,true,true,false,false,true,true,true,false,false,true,true,true,false,true,true,true,true,false,false,true,false
commons-collections,MapBackedSetTest.java,/home/ubuntu/experiments/projects/commons-collections/src/test/java/org/apache/commons/collections4/set/MapBackedSetTest.java,/home/ubuntu/experiments/projects/commons-collections/src/main/java/org/apache/commons/collections4/set/MapBackedSet.java,src/test/java/org/apache/commons/collections4/set/MapBackedSetTest.java,src/main/java/org/apache/commons/collections4/set/MapBackedSet.java,true,true,true,true,false,false,true,true,true,false,false,true,true,true,false,true,true,true,true,false,false,true,false
commons-collections,IndexedCollectionTest.java,/home/ubuntu/experiments/projects/commons-collections/src/test/java/org/apache/commons/collections4/collection/IndexedCollectionTest.java,/home/ubuntu/experiments/projects/commons-collections/src/main/java/org/apache/commons/collections4/collection/IndexedCollection.java,src/test/java/org/apache/commons/collections4/collection/IndexedCollectionTest.java,src/main/java/org/apache/commons/collections4/collection/IndexedCollection.java,true,true,true,true,false,false,true,true,true,false,false,true,true,true,false,true,true,true,true,false,false,true,false
commons-collections,UnmodifiableBoundedCollectionTest.java,/home/ubuntu/experiments/projects/commons-collections/src/test/java/org/apache/commons/collections4/collection/UnmodifiableBoundedCollectionTest.java,/home/ubuntu/experiments/projects/commons-collections/src/main/java/org/apache/commons/collections4/collection/UnmodifiableBoundedCollection.java,src/test/java/org/apache/commons/collections4/collection/UnmodifiableBoundedCollectionTest.java,src/main/java/org/apache/commons/collections4/collection/UnmodifiableBoundedCollection.java,true,true,true,true,false,false,true,true,true,false,false,true,true,true,false,true,true,true,true,false,false,true,false
commons-collections,PredicatedCollectionTest.java,/home/ubuntu/experiments/projects/commons-collections/src/test/java/org/apache/commons/collections4/collection/PredicatedCollectionTest.java,/home/ubuntu/experiments/projects/commons-collections/src/main/java/org/apache/commons/collections4/collection/PredicatedCollection.java,src/test/java/org/apache/commons/collections4/collection/PredicatedCollectionTest.java,src/main/java/org/apache/commons/collections4/collection/PredicatedCollection.java,true,true,true,true,false,false,true,true,true,false,false,true,true,true,false,true,true,true,true,false,false,true,false
commons-collections,UnmodifiableCollectionTest.java,/home/ubuntu/experiments/projects/commons-collections/src/test/java/org/apache/commons/collections4/collection/UnmodifiableCollectionTest.java,/home/ubuntu/experiments/projects/commons-collections/src/main/java/org/apache/commons/collections4/collection/UnmodifiableCollection.java,src/test/java/org/apache/commons/collections4/collection/UnmodifiableCollectionTest.java,src/main/java/org/apache/commons/collections4/collection/UnmodifiableCollection.java,true,true,true,true,false,false,true,true,true,false,false,true,true,true,false,true,true,true,true,false,false,true,false
commons-collections,TransformedCollectionTest.java,/home/ubuntu/experiments/projects/commons-collections/src/test/java/org/apache/commons/collections4/collection/TransformedCollectionTest.java,/home/ubuntu/experiments/projects/commons-collections/src/main/java/org/apache/commons/collections4/collection/TransformedCollection.java,src/test/java/org/apache/commons/collections4/collection/TransformedCollectionTest.java,src/main/java/org/apache/commons/collections4/collection/TransformedCollection.java,true,true,true,true,false,false,true,true,true,false,false,true,true,true,false,true,true,true,true,false,false,true,false
commons-collections,SynchronizedCollectionTest.java,/home/ubuntu/experiments/projects/commons-collections/src/test/java/org/apache/commons/collections4/collection/SynchronizedCollectionTest.java,/home/ubuntu/experiments/projects/commons-collections/src/main/java/org/apache/commons/collections4/collection/SynchronizedCollection.java,src/test/java/org/apache/commons/collections4/collection/SynchronizedCollectionTest.java,src/main/java/org/apache/commons/collections4/collection/SynchronizedCollection.java,true,true,true,true,false,false,true,true,true,false,false,true,true,true,false,true,true,true,true,false,false,true,false
commons-collections,CompositeCollectionTest.java,/home/ubuntu/experiments/projects/commons-collections/src/test/java/org/apache/commons/collections4/collection/CompositeCollectionTest.java,/home/ubuntu/experiments/projects/commons-collections/src/main/java/org/apache/commons/collections4/collection/CompositeCollection.java,src/test/java/org/apache/commons/collections4/collection/CompositeCollectionTest.java,src/main/java/org/apache/commons/collections4/collection/CompositeCollection.java,true,true,true,true,false,false,true,true,true,false,false,true,true,true,false,true,true,true,true,false,false,true,false
commons-collections,UnmodifiableMultiValuedMapTest.java,/home/ubuntu/experiments/projects/commons-collections/src/test/java/org/apache/commons/collections4/multimap/UnmodifiableMultiValuedMapTest.java,/home/ubuntu/experiments/projects/commons-collections/src/main/java/org/apache/commons/collections4/multimap/UnmodifiableMultiValuedMap.java,src/test/java/org/apache/commons/collections4/multimap/UnmodifiableMultiValuedMapTest.java,src/main/java/org/apache/commons/collections4/multimap/UnmodifiableMultiValuedMap.java,true,true,true,true,false,false,true,true,true,false,false,true,true,true,false,true,true,true,true,false,false,true,false
commons-collections,ArrayListValuedHashMapTest.java,/home/ubuntu/experiments/projects/commons-collections/src/test/java/org/apache/commons/collections4/multimap/ArrayListValuedHashMapTest.java,/home/ubuntu/experiments/projects/commons-collections/src/main/java/org/apache/commons/collections4/multimap/ArrayListValuedHashMap.java,src/test/java/org/apache/commons/collections4/multimap/ArrayListValuedHashMapTest.java,src/main/java/org/apache/commons/collections4/multimap/ArrayListValuedHashMap.java,true,true,true,true,false,false,true,true,true,false,false,true,true,true,false,true,true,true,true,false,false,true,false
commons-collections,HashSetValuedHashMapTest.java,/home/ubuntu/experiments/projects/commons-collections/src/test/java/org/apache/commons/collections4/multimap/HashSetValuedHashMapTest.java,/home/ubuntu/experiments/projects/commons-collections/src/main/java/org/apache/commons/collections4/multimap/HashSetValuedHashMap.java,src/test/java/org/apache/commons/collections4/multimap/HashSetValuedHashMapTest.java,src/main/java/org/apache/commons/collections4/multimap/HashSetValuedHashMap.java,true,true,true,true,false,false,true,true,true,false,false,true,true,true,false,true,true,true,true,false,false,true,false
commons-collections,TransformedMultiValuedMapTest.java,/home/ubuntu/experiments/projects/commons-collections/src/test/java/org/apache/commons/collections4/multimap/TransformedMultiValuedMapTest.java,/home/ubuntu/experiments/projects/commons-collections/src/main/java/org/apache/commons/collections4/multimap/TransformedMultiValuedMap.java,src/test/java/org/apache/commons/collections4/multimap/TransformedMultiValuedMapTest.java,src/main/java/org/apache/commons/collections4/multimap/TransformedMultiValuedMap.java,true,true,true,true,false,false,true,true,true,false,false,true,true,true,false,true,true,true,true,false,false,true,false
commons-collections,FilterListIteratorTest.java,/home/ubuntu/experiments/projects/commons-collections/src/test/java/org/apache/commons/collections4/iterators/FilterListIteratorTest.java,/home/ubuntu/experiments/projects/commons-collections/src/main/java/org/apache/commons/collections4/iterators/FilterListIterator.java,src/test/java/org/apache/commons/collections4/iterators/FilterListIteratorTest.java,src/main/java/org/apache/commons/collections4/iterators/FilterListIterator.java,true,true,true,true,false,false,true,true,true,false,false,true,true,true,false,true,true,true,true,false,false,true,false
commons-collections,ArrayListIteratorTest.java,/home/ubuntu/experiments/projects/commons-collections/src/test/java/org/apache/commons/collections4/iterators/ArrayListIteratorTest.java,/home/ubuntu/experiments/projects/commons-collections/src/main/java/org/apache/commons/collections4/iterators/ArrayListIterator.java,src/test/java/org/apache/commons/collections4/iterators/ArrayListIteratorTest.java,src/main/java/org/apache/commons/collections4/iterators/ArrayListIterator.java,true,true,true,true,false,false,true,true,true,false,false,true,true,true,false,true,true,true,true,false,false,true,false
commons-collections,IteratorEnumerationTest.java,/home/ubuntu/experiments/projects/commons-collections/src/test/java/org/apache/commons/collections4/iterators/IteratorEnumerationTest.java,/home/ubuntu/experiments/projects/commons-collections/src/main/java/org/apache/commons/collections4/iterators/IteratorEnumeration.java,src/test/java/org/apache/commons/collections4/iterators/IteratorEnumerationTest.java,src/main/java/org/apache/commons/collections4/iterators/IteratorEnumeration.java,true,true,true,true,false,false,true,true,true,false,false,true,true,true,false,true,true,true,true,false,false,true,false
commons-collections,PermutationIteratorTest.java,/home/ubuntu/experiments/projects/commons-collections/src/test/java/org/apache/commons/collections4/iterators/PermutationIteratorTest.java,/home/ubuntu/experiments/projects/commons-collections/src/main/java/org/apache/commons/collections4/iterators/PermutationIterator.java,src/test/java/org/apache/commons/collections4/iterators/PermutationIteratorTest.java,src/main/java/org/apache/commons/collections4/iterators/PermutationIterator.java,true,true,true,true,false,false,true,true,true,false,false,true,true,true,false,true,true,true,true,false,false,true,false
commons-collections,ObjectArrayListIteratorTest.java,/home/ubuntu/experiments/projects/commons-collections/src/test/java/org/apache/commons/collections4/iterators/ObjectArrayListIteratorTest.java,/home/ubuntu/experiments/projects/commons-collections/src/main/java/org/apache/commons/collections4/iterators/ObjectArrayListIterator.java,src/test/java/org/apache/commons/collections4/iterators/ObjectArrayListIteratorTest.java,src/main/java/org/apache/commons/collections4/iterators/ObjectArrayListIterator.java,true,true,true,true,false,false,true,true,true,false,false,true,true,true,false,true,true,true,true,false,false,true,false
commons-collections,FilterIteratorTest.java,/home/ubuntu/experiments/projects/commons-collections/src/test/java/org/apache/commons/collections4/iterators/FilterIteratorTest.java,/home/ubuntu/experiments/projects/commons-collections/src/main/java/org/apache/commons/collections4/iterators/FilterIterator.java,src/test/java/org/apache/commons/collections4/iterators/FilterIteratorTest.java,src/main/java/org/apache/commons/collections4/iterators/FilterIterator.java,true,true,true,true,false,false,true,true,true,false,false,true,true,true,false,true,true,true,true,false,false,true,false
commons-collections,LoopingListIteratorTest.java,/home/ubuntu/experiments/projects/commons-collections/src/test/java/org/apache/commons/collections4/iterators/LoopingListIteratorTest.java,/home/ubuntu/experiments/projects/commons-collections/src/main/java/org/apache/commons/collections4/iterators/LoopingListIterator.java,src/test/java/org/apache/commons/collections4/iterators/LoopingListIteratorTest.java,src/main/java/org/apache/commons/collections4/iterators/LoopingListIterator.java,true,true,true,true,false,false,true,true,true,false,false,true,true,true,false,true,true,true,true,false,false,true,false
commons-collections,ReverseListIteratorTest.java,/home/ubuntu/experiments/projects/commons-collections/src/test/java/org/apache/commons/collections4/iterators/ReverseListIteratorTest.java,/home/ubuntu/experiments/projects/commons-collections/src/main/java/org/apache/commons/collections4/iterators/ReverseListIterator.java,src/test/java/org/apache/commons/collections4/iterators/ReverseListIteratorTest.java,src/main/java/org/apache/commons/collections4/iterators/ReverseListIterator.java,true,true,true,true,false,false,true,true,true,false,false,true,true,true,false,true,true,true,true,false,false,true,false
commons-collections,ZippingIteratorTest.java,/home/ubuntu/experiments/projects/commons-collections/src/test/java/org/apache/commons/collections4/iterators/ZippingIteratorTest.java,/home/ubuntu/experiments/projects/commons-collections/src/main/java/org/apache/commons/collections4/iterators/ZippingIterator.java,src/test/java/org/apache/commons/collections4/iterators/ZippingIteratorTest.java,src/main/java/org/apache/commons/collections4/iterators/ZippingIterator.java,true,true,true,true,false,false,true,true,true,false,false,true,true,true,false,true,true,true,true,false,false,true,false
commons-collections,UnmodifiableOrderedMapIteratorTest.java,/home/ubuntu/experiments/projects/commons-collections/src/test/java/org/apache/commons/collections4/iterators/UnmodifiableOrderedMapIteratorTest.java,/home/ubuntu/experiments/projects/commons-collections/src/main/java/org/apache/commons/collections4/iterators/UnmodifiableOrderedMapIterator.java,src/test/java/org/apache/commons/collections4/iterators/UnmodifiableOrderedMapIteratorTest.java,src/main/java/org/apache/commons/collections4/iterators/UnmodifiableOrderedMapIterator.java,true,true,true,true,false,false,true,true,true,false,false,true,true,true,false,true,true,true,true,false,false,true,false
commons-collections,UnmodifiableListIteratorTest.java,/home/ubuntu/experiments/projects/commons-collections/src/test/java/org/apache/commons/collections4/iterators/UnmodifiableListIteratorTest.java,/home/ubuntu/experiments/projects/commons-collections/src/main/java/org/apache/commons/collections4/iterators/UnmodifiableListIterator.java,src/test/java/org/apache/commons/collections4/iterators/UnmodifiableListIteratorTest.java,src/main/java/org/apache/commons/collections4/iterators/UnmodifiableListIterator.java,true,true,true,true,false,false,true,true,true,false,false,true,true,true,false,true,true,true,true,false,false,true,false
commons-collections,SingletonListIteratorTest.java,/home/ubuntu/experiments/projects/commons-collections/src/test/java/org/apache/commons/collections4/iterators/SingletonListIteratorTest.java,/home/ubuntu/experiments/projects/commons-collections/src/main/java/org/apache/commons/collections4/iterators/SingletonListIterator.java,src/test/java/org/apache/commons/collections4/iterators/SingletonListIteratorTest.java,src/main/java/org/apache/commons/collections4/iterators/SingletonListIterator.java,true,true,true,true,false,false,true,true,true,false,false,true,true,true,false,true,true,true,true,false,false,true,false
commons-collections,LoopingIteratorTest.java,/home/ubuntu/experiments/projects/commons-collections/src/test/java/org/apache/commons/collections4/iterators/LoopingIteratorTest.java,/home/ubuntu/experiments/projects/commons-collections/src/main/java/org/apache/commons/collections4/iterators/LoopingIterator.java,src/test/java/org/apache/commons/collections4/iterators/LoopingIteratorTest.java,src/main/java/org/apache/commons/collections4/iterators/LoopingIterator.java,true,true,true,true,false,false,true,true,true,false,false,true,true,true,false,true,true,true,true,false,false,true,false
commons-collections,BoundedIteratorTest.java,/home/ubuntu/experiments/projects/commons-collections/src/test/java/org/apache/commons/collections4/iterators/BoundedIteratorTest.java,/home/ubuntu/experiments/projects/commons-collections/src/main/java/org/apache/commons/collections4/iterators/BoundedIterator.java,src/test/java/org/apache/commons/collections4/iterators/BoundedIteratorTest.java,src/main/java/org/apache/commons/collections4/iterators/BoundedIterator.java,true,true,true,true,false,false,true,true,true,false,false,true,true,true,false,true,true,true,true,false,false,true,false
commons-collections,ObjectGraphIteratorTest.java,/home/ubuntu/experiments/projects/commons-collections/src/test/java/org/apache/commons/collections4/iterators/ObjectGraphIteratorTest.java,/home/ubuntu/experiments/projects/commons-collections/src/main/java/org/apache/commons/collections4/iterators/ObjectGraphIterator.java,src/test/java/org/apache/commons/collections4/iterators/ObjectGraphIteratorTest.java,src/main/java/org/apache/commons/collections4/iterators/ObjectGraphIterator.java,true,true,true,true,false,false,true,true,true,false,false,true,true,true,false,true,true,true,true,false,false,true,false
commons-collections,CollatingIteratorTest.java,/home/ubuntu/experiments/projects/commons-collections/src/test/java/org/apache/commons/collections4/iterators/CollatingIteratorTest.java,/home/ubuntu/experiments/projects/commons-collections/src/main/java/org/apache/commons/collections4/iterators/CollatingIterator.java,src/test/java/org/apache/commons/collections4/iterators/CollatingIteratorTest.java,src/main/java/org/apache/commons/collections4/iterators/CollatingIterator.java,true,true,true,true,false,false,true,true,true,false,false,true,true,true,false,true,true,true,true,false,false,true,false
commons-collections,LazyIteratorChainTest.java,/home/ubuntu/experiments/projects/commons-collections/src/test/java/org/apache/commons/collections4/iterators/LazyIteratorChainTest.java,/home/ubuntu/experiments/projects/commons-collections/src/main/java/org/apache/commons/collections4/iterators/LazyIteratorChain.java,src/test/java/org/apache/commons/collections4/iterators/LazyIteratorChainTest.java,src/main/java/org/apache/commons/collections4/iterators/LazyIteratorChain.java,true,true,true,true,false,false,true,true,true,false,false,true,true,true,false,true,true,true,true,false,false,true,false
commons-collections,IteratorChainTest.java,/home/ubuntu/experiments/projects/commons-collections/src/test/java/org/apache/commons/collections4/iterators/IteratorChainTest.java,/home/ubuntu/experiments/projects/commons-collections/src/main/java/org/apache/commons/collections4/iterators/IteratorChain.java,src/test/java/org/apache/commons/collections4/iterators/IteratorChainTest.java,src/main/java/org/apache/commons/collections4/iterators/IteratorChain.java,true,true,true,true,false,false,true,true,true,false,false,true,true,true,false,true,true,true,true,false,false,true,false
commons-collections,ListIteratorWrapperTest.java,/home/ubuntu/experiments/projects/commons-collections/src/test/java/org/apache/commons/collections4/iterators/ListIteratorWrapperTest.java,/home/ubuntu/experiments/projects/commons-collections/src/main/java/org/apache/commons/collections4/iterators/ListIteratorWrapper.java,src/test/java/org/apache/commons/collections4/iterators/ListIteratorWrapperTest.java,src/main/java/org/apache/commons/collections4/iterators/ListIteratorWrapper.java,true,true,true,true,false,false,true,true,true,false,false,true,true,true,false,true,true,true,true,false,false,true,false
commons-collections,UniqueFilterIteratorTest.java,/home/ubuntu/experiments/projects/commons-collections/src/test/java/org/apache/commons/collections4/iterators/UniqueFilterIteratorTest.java,/home/ubuntu/experiments/projects/commons-collections/src/main/java/org/apache/commons/collections4/iterators/UniqueFilterIterator.java,src/test/java/org/apache/commons/collections4/iterators/UniqueFilterIteratorTest.java,src/main/java/org/apache/commons/collections4/iterators/UniqueFilterIterator.java,true,true,true,true,false,false,true,true,true,false,false,true,true,true,false,true,true,true,true,false,false,true,false
commons-collections,UnmodifiableMapIteratorTest.java,/home/ubuntu/experiments/projects/commons-collections/src/test/java/org/apache/commons/collections4/iterators/UnmodifiableMapIteratorTest.java,/home/ubuntu/experiments/projects/commons-collections/src/main/java/org/apache/commons/collections4/iterators/UnmodifiableMapIterator.java,src/test/java/org/apache/commons/collections4/iterators/UnmodifiableMapIteratorTest.java,src/main/java/org/apache/commons/collections4/iterators/UnmodifiableMapIterator.java,true,true,true,true,false,false,true,true,true,false,false,true,true,true,false,true,true,true,true,false,false,true,false
commons-collections,ArrayIteratorTest.java,/home/ubuntu/experiments/projects/commons-collections/src/test/java/org/apache/commons/collections4/iterators/ArrayIteratorTest.java,/home/ubuntu/experiments/projects/commons-collections/src/main/java/org/apache/commons/collections4/iterators/ArrayIterator.java,src/test/java/org/apache/commons/collections4/iterators/ArrayIteratorTest.java,src/main/java/org/apache/commons/collections4/iterators/ArrayIterator.java,true,true,true,true,false,false,true,true,true,false,false,true,true,true,false,true,true,true,true,false,false,true,false
commons-collections,PeekingIteratorTest.java,/home/ubuntu/experiments/projects/commons-collections/src/test/java/org/apache/commons/collections4/iterators/PeekingIteratorTest.java,/home/ubuntu/experiments/projects/commons-collections/src/main/java/org/apache/commons/collections4/iterators/PeekingIterator.java,src/test/java/org/apache/commons/collections4/iterators/PeekingIteratorTest.java,src/main/java/org/apache/commons/collections4/iterators/PeekingIterator.java,true,true,true,true,false,false,true,true,true,false,false,true,true,true,false,true,true,true,true,false,false,true,false
commons-collections,NodeListIteratorTest.java,/home/ubuntu/experiments/projects/commons-collections/src/test/java/org/apache/commons/collections4/iterators/NodeListIteratorTest.java,/home/ubuntu/experiments/projects/commons-collections/src/main/java/org/apache/commons/collections4/iterators/NodeListIterator.java,src/test/java/org/apache/commons/collections4/iterators/NodeListIteratorTest.java,src/main/java/org/apache/commons/collections4/iterators/NodeListIterator.java,true,true,true,true,false,false,true,true,true,false,false,true,true,true,false,true,true,true,true,false,false,true,false
commons-collections,UnmodifiableIteratorTest.java,/home/ubuntu/experiments/projects/commons-collections/src/test/java/org/apache/commons/collections4/iterators/UnmodifiableIteratorTest.java,/home/ubuntu/experiments/projects/commons-collections/src/main/java/org/apache/commons/collections4/iterators/UnmodifiableIterator.java,src/test/java/org/apache/commons/collections4/iterators/UnmodifiableIteratorTest.java,src/main/java/org/apache/commons/collections4/iterators/UnmodifiableIterator.java,true,true,true,true,false,false,true,true,true,false,false,true,true,true,false,true,true,true,true,false,false,true,false
commons-collections,ObjectArrayIteratorTest.java,/home/ubuntu/experiments/projects/commons-collections/src/test/java/org/apache/commons/collections4/iterators/ObjectArrayIteratorTest.java,/home/ubuntu/experiments/projects/commons-collections/src/main/java/org/apache/commons/collections4/iterators/ObjectArrayIterator.java,src/test/java/org/apache/commons/collections4/iterators/ObjectArrayIteratorTest.java,src/main/java/org/apache/commons/collections4/iterators/ObjectArrayIterator.java,true,true,true,true,false,false,true,true,true,false,false,true,true,true,false,true,true,true,true,false,false,true,false
commons-collections,PushbackIteratorTest.java,/home/ubuntu/experiments/projects/commons-collections/src/test/java/org/apache/commons/collections4/iterators/PushbackIteratorTest.java,/home/ubuntu/experiments/projects/commons-collections/src/main/java/org/apache/commons/collections4/iterators/PushbackIterator.java,src/test/java/org/apache/commons/collections4/iterators/PushbackIteratorTest.java,src/main/java/org/apache/commons/collections4/iterators/PushbackIterator.java,true,true,true,true,false,false,true,true,true,false,false,true,true,true,false,true,true,true,true,false,false,true,false
commons-collections,SkippingIteratorTest.java,/home/ubuntu/experiments/projects/commons-collections/src/test/java/org/apache/commons/collections4/iterators/SkippingIteratorTest.java,/home/ubuntu/experiments/projects/commons-collections/src/main/java/org/apache/commons/collections4/iterators/SkippingIterator.java,src/test/java/org/apache/commons/collections4/iterators/SkippingIteratorTest.java,src/main/java/org/apache/commons/collections4/iterators/SkippingIterator.java,true,true,true,true,false,false,true,true,true,false,false,true,true,true,false,true,true,true,true,false,false,true,false
commons-collections,IteratorIterableTest.java,/home/ubuntu/experiments/projects/commons-collections/src/test/java/org/apache/commons/collections4/iterators/IteratorIterableTest.java,/home/ubuntu/experiments/projects/commons-collections/src/main/java/org/apache/commons/collections4/iterators/IteratorIterable.java,src/test/java/org/apache/commons/collections4/iterators/IteratorIterableTest.java,src/main/java/org/apache/commons/collections4/iterators/IteratorIterable.java,true,true,true,true,false,false,true,true,true,false,false,true,true,true,false,true,true,true,true,false,false,true,false
commons-collections,SingletonIteratorTest.java,/home/ubuntu/experiments/projects/commons-collections/src/test/java/org/apache/commons/collections4/iterators/SingletonIteratorTest.java,/home/ubuntu/experiments/projects/commons-collections/src/main/java/org/apache/commons/collections4/iterators/SingletonIterator.java,src/test/java/org/apache/commons/collections4/iterators/SingletonIteratorTest.java,src/main/java/org/apache/commons/collections4/iterators/SingletonIterator.java,true,true,true,true,false,false,true,true,true,false,false,true,true,true,false,true,true,true,true,false,false,true,false
commons-collections,SortedPropertiesTest.java,/home/ubuntu/experiments/projects/commons-collections/src/test/java/org/apache/commons/collections4/properties/SortedPropertiesTest.java,/home/ubuntu/experiments/projects/commons-collections/src/main/java/org/apache/commons/collections4/properties/SortedProperties.java,src/test/java/org/apache/commons/collections4/properties/SortedPropertiesTest.java,src/main/java/org/apache/commons/collections4/properties/SortedProperties.java,true,true,true,true,false,false,true,true,true,false,false,true,true,true,false,true,true,true,true,false,false,true,false
commons-collections,CatchAndRethrowClosureTest.java,/home/ubuntu/experiments/projects/commons-collections/src/test/java/org/apache/commons/collections4/functors/CatchAndRethrowClosureTest.java,/home/ubuntu/experiments/projects/commons-collections/src/main/java/org/apache/commons/collections4/functors/CatchAndRethrowClosure.java,src/test/java/org/apache/commons/collections4/functors/CatchAndRethrowClosureTest.java,src/main/java/org/apache/commons/collections4/functors/CatchAndRethrowClosure.java,true,true,true,true,false,false,true,true,true,false,false,true,true,true,false,true,true,true,true,false,false,true,false
commons-collections,ComparatorPredicateTest.java,/home/ubuntu/experiments/projects/commons-collections/src/test/java/org/apache/commons/collections4/functors/ComparatorPredicateTest.java,/home/ubuntu/experiments/projects/commons-collections/src/main/java/org/apache/commons/collections4/functors/ComparatorPredicate.java,src/test/java/org/apache/commons/collections4/functors/ComparatorPredicateTest.java,src/main/java/org/apache/commons/collections4/functors/ComparatorPredicate.java,true,true,true,true,false,false,true,true,true,false,false,true,true,true,false,true,true,true,true,false,false,true,false
commons-collections,AllPredicateTest.java,/home/ubuntu/experiments/projects/commons-collections/src/test/java/org/apache/commons/collections4/functors/AllPredicateTest.java,/home/ubuntu/experiments/projects/commons-collections/src/main/java/org/apache/commons/collections4/functors/AllPredicate.java,src/test/java/org/apache/commons/collections4/functors/AllPredicateTest.java,src/main/java/org/apache/commons/collections4/functors/AllPredicate.java,true,true,true,true,false,false,true,true,true,false,false,true,true,true,false,true,true,true,true,false,false,true,false
commons-collections,EqualPredicateTest.java,/home/ubuntu/experiments/projects/commons-collections/src/test/java/org/apache/commons/collections4/functors/EqualPredicateTest.java,/home/ubuntu/experiments/projects/commons-collections/src/main/java/org/apache/commons/collections4/functors/EqualPredicate.java,src/test/java/org/apache/commons/collections4/functors/EqualPredicateTest.java,src/main/java/org/apache/commons/collections4/functors/EqualPredicate.java,true,true,true,true,false,false,true,true,true,false,false,true,true,true,false,true,true,true,true,false,false,true,false
commons-collections,NullPredicateTest.java,/home/ubuntu/experiments/projects/commons-collections/src/test/java/org/apache/commons/collections4/functors/NullPredicateTest.java,/home/ubuntu/experiments/projects/commons-collections/src/main/java/org/apache/commons/collections4/functors/NullPredicate.java,src/test/java/org/apache/commons/collections4/functors/NullPredicateTest.java,src/main/java/org/apache/commons/collections4/functors/NullPredicate.java,true,true,true,true,false,false,true,true,true,false,false,true,true,true,false,true,true,true,true,false,false,true,false
commons-collections,ReferenceMapTest.java,/home/ubuntu/experiments/projects/commons-collections/src/test/java/org/apache/commons/collections4/map/ReferenceMapTest.java,/home/ubuntu/experiments/projects/commons-collections/src/main/java/org/apache/commons/collections4/map/ReferenceMap.java,src/test/java/org/apache/commons/collections4/map/ReferenceMapTest.java,src/main/java/org/apache/commons/collections4/map/ReferenceMap.java,true,true,true,true,false,false,true,true,true,false,false,true,true,true,false,true,true,true,true,false,false,true,false
commons-collections,TransformedMapTest.java,/home/ubuntu/experiments/projects/commons-collections/src/test/java/org/apache/commons/collections4/map/TransformedMapTest.java,/home/ubuntu/experiments/projects/commons-collections/src/main/java/org/apache/commons/collections4/map/TransformedMap.java,src/test/java/org/apache/commons/collections4/map/TransformedMapTest.java,src/main/java/org/apache/commons/collections4/map/TransformedMap.java,true,true,true,true,false,false,true,true,true,false,false,true,true,true,false,true,true,true,true,false,false,true,false
commons-collections,SingletonMapTest.java,/home/ubuntu/experiments/projects/commons-collections/src/test/java/org/apache/commons/collections4/map/SingletonMapTest.java,/home/ubuntu/experiments/projects/commons-collections/src/main/java/org/apache/commons/collections4/map/SingletonMap.java,src/test/java/org/apache/commons/collections4/map/SingletonMapTest.java,src/main/java/org/apache/commons/collections4/map/SingletonMap.java,true,true,true,true,false,false,true,true,true,false,false,true,true,true,false,true,true,true,true,false,false,true,false
commons-collections,UnmodifiableOrderedMapTest.java,/home/ubuntu/experiments/projects/commons-collections/src/test/java/org/apache/commons/collections4/map/UnmodifiableOrderedMapTest.java,/home/ubuntu/experiments/projects/commons-collections/src/main/java/org/apache/commons/collections4/map/UnmodifiableOrderedMap.java,src/test/java/org/apache/commons/collections4/map/UnmodifiableOrderedMapTest.java,src/main/java/org/apache/commons/collections4/map/UnmodifiableOrderedMap.java,true,true,true,true,false,false,true,true,true,false,false,true,true,true,false,true,true,true,true,false,false,true,false
commons-collections,LazySortedMapTest.java,/home/ubuntu/experiments/projects/commons-collections/src/test/java/org/apache/commons/collections4/map/LazySortedMapTest.java,/home/ubuntu/experiments/projects/commons-collections/src/main/java/org/apache/commons/collections4/map/LazySortedMap.java,src/test/java/org/apache/commons/collections4/map/LazySortedMapTest.java,src/main/java/org/apache/commons/collections4/map/LazySortedMap.java,true,true,true,true,false,true,true,true,true,false,false,true,true,true,false,true,true,true,true,false,false,true,false
commons-collections,LinkedMapTest.java,/home/ubuntu/experiments/projects/commons-collections/src/test/java/org/apache/commons/collections4/map/LinkedMapTest.java,/home/ubuntu/experiments/projects/commons-collections/src/main/java/org/apache/commons/collections4/map/LinkedMap.java,src/test/java/org/apache/commons/collections4/map/LinkedMapTest.java,src/main/java/org/apache/commons/collections4/map/LinkedMap.java,true,true,true,true,false,true,true,true,true,false,false,true,true,true,false,true,true,true,true,false,false,true,false
commons-collections,Flat3MapTest.java,/home/ubuntu/experiments/projects/commons-collections/src/test/java/org/apache/commons/collections4/map/Flat3MapTest.java,/home/ubuntu/experiments/projects/commons-collections/src/main/java/org/apache/commons/collections4/map/Flat3Map.java,src/test/java/org/apache/commons/collections4/map/Flat3MapTest.java,src/main/java/org/apache/commons/collections4/map/Flat3Map.java,true,true,true,true,false,true,true,true,true,false,false,true,true,true,false,true,true,true,true,false,false,true,false
commons-collections,PredicatedMapTest.java,/home/ubuntu/experiments/projects/commons-collections/src/test/java/org/apache/commons/collections4/map/PredicatedMapTest.java,/home/ubuntu/experiments/projects/commons-collections/src/main/java/org/apache/commons/collections4/map/PredicatedMap.java,src/test/java/org/apache/commons/collections4/map/PredicatedMapTest.java,src/main/java/org/apache/commons/collections4/map/PredicatedMap.java,true,true,true,true,false,true,true,true,true,false,false,true,true,true,false,true,true,true,true,false,false,true,false
commons-collections,HashedMapTest.java,/home/ubuntu/experiments/projects/commons-collections/src/test/java/org/apache/commons/collections4/map/HashedMapTest.java,/home/ubuntu/experiments/projects/commons-collections/src/main/java/org/apache/commons/collections4/map/HashedMap.java,src/test/java/org/apache/commons/collections4/map/HashedMapTest.java,src/main/java/org/apache/commons/collections4/map/HashedMap.java,true,true,true,true,false,true,true,true,true,false,false,true,true,true,false,true,true,true,true,false,false,true,false
commons-collections,FixedSizeMapTest.java,/home/ubuntu/experiments/projects/commons-collections/src/test/java/org/apache/commons/collections4/map/FixedSizeMapTest.java,/home/ubuntu/experiments/projects/commons-collections/src/main/java/org/apache/commons/collections4/map/FixedSizeMap.java,src/test/java/org/apache/commons/collections4/map/FixedSizeMapTest.java,src/main/java/org/apache/commons/collections4/map/FixedSizeMap.java,true,true,true,true,false,true,true,true,true,false,false,true,true,true,false,true,true,true,true,false,false,true,false
commons-collections,ListOrderedMapTest.java,/home/ubuntu/experiments/projects/commons-collections/src/test/java/org/apache/commons/collections4/map/ListOrderedMapTest.java,/home/ubuntu/experiments/projects/commons-collections/src/main/java/org/apache/commons/collections4/map/ListOrderedMap.java,src/test/java/org/apache/commons/collections4/map/ListOrderedMapTest.java,src/main/java/org/apache/commons/collections4/map/ListOrderedMap.java,true,true,true,true,false,true,true,true,true,false,false,true,true,true,false,true,true,true,true,false,false,true,false
commons-collections,UnmodifiableMapTest.java,/home/ubuntu/experiments/projects/commons-collections/src/test/java/org/apache/commons/collections4/map/UnmodifiableMapTest.java,/home/ubuntu/experiments/projects/commons-collections/src/main/java/org/apache/commons/collections4/map/UnmodifiableMap.java,src/test/java/org/apache/commons/collections4/map/UnmodifiableMapTest.java,src/main/java/org/apache/commons/collections4/map/UnmodifiableMap.java,true,true,true,true,false,true,true,true,true,false,false,true,true,true,false,true,true,true,true,false,false,true,false
commons-collections,PredicatedSortedMapTest.java,/home/ubuntu/experiments/projects/commons-collections/src/test/java/org/apache/commons/collections4/map/PredicatedSortedMapTest.java,/home/ubuntu/experiments/projects/commons-collections/src/main/java/org/apache/commons/collections4/map/PredicatedSortedMap.java,src/test/java/org/apache/commons/collections4/map/PredicatedSortedMapTest.java,src/main/java/org/apache/commons/collections4/map/PredicatedSortedMap.java,true,true,true,true,false,true,true,true,true,false,false,true,true,true,false,true,true,true,true,false,false,true,false
commons-collections,CaseInsensitiveMapTest.java,/home/ubuntu/experiments/projects/commons-collections/src/test/java/org/apache/commons/collections4/map/CaseInsensitiveMapTest.java,/home/ubuntu/experiments/projects/commons-collections/src/main/java/org/apache/commons/collections4/map/CaseInsensitiveMap.java,src/test/java/org/apache/commons/collections4/map/CaseInsensitiveMapTest.java,src/main/java/org/apache/commons/collections4/map/CaseInsensitiveMap.java,true,true,true,true,false,true,true,true,true,false,false,true,true,true,false,true,true,true,true,false,false,true,false
commons-collections,LRUMapTest.java,/home/ubuntu/experiments/projects/commons-collections/src/test/java/org/apache/commons/collections4/map/LRUMapTest.java,/home/ubuntu/experiments/projects/commons-collections/src/main/java/org/apache/commons/collections4/map/LRUMap.java,src/test/java/org/apache/commons/collections4/map/LRUMapTest.java,src/main/java/org/apache/commons/collections4/map/LRUMap.java,true,true,true,true,false,true,true,true,true,false,false,true,true,true,true,true,true,true,true,false,false,true,false
commons-collections,UnmodifiableSortedMapTest.java,/home/ubuntu/experiments/projects/commons-collections/src/test/java/org/apache/commons/collections4/map/UnmodifiableSortedMapTest.java,/home/ubuntu/experiments/projects/commons-collections/src/main/java/org/apache/commons/collections4/map/UnmodifiableSortedMap.java,src/test/java/org/apache/commons/collections4/map/UnmodifiableSortedMapTest.java,src/main/java/org/apache/commons/collections4/map/UnmodifiableSortedMap.java,true,true,true,true,false,true,true,true,true,false,false,true,true,true,true,true,true,true,true,false,false,true,false
commons-collections,FixedSizeSortedMapTest.java,/home/ubuntu/experiments/projects/commons-collections/src/test/java/org/apache/commons/collections4/map/FixedSizeSortedMapTest.java,/home/ubuntu/experiments/projects/commons-collections/src/main/java/org/apache/commons/collections4/map/FixedSizeSortedMap.java,src/test/java/org/apache/commons/collections4/map/FixedSizeSortedMapTest.java,src/main/java/org/apache/commons/collections4/map/FixedSizeSortedMap.java,true,true,true,true,false,true,true,true,true,false,false,true,true,true,true,true,true,true,true,false,false,true,false
commons-collections,ReferenceIdentityMapTest.java,/home/ubuntu/experiments/projects/commons-collections/src/test/java/org/apache/commons/collections4/map/ReferenceIdentityMapTest.java,/home/ubuntu/experiments/projects/commons-collections/src/main/java/org/apache/commons/collections4/map/ReferenceIdentityMap.java,src/test/java/org/apache/commons/collections4/map/ReferenceIdentityMapTest.java,src/main/java/org/apache/commons/collections4/map/ReferenceIdentityMap.java,true,true,true,true,false,true,true,true,true,false,false,true,true,true,true,true,true,true,true,false,false,true,false
commons-collections,DefaultedMapTest.java,/home/ubuntu/experiments/projects/commons-collections/src/test/java/org/apache/commons/collections4/map/DefaultedMapTest.java,/home/ubuntu/experiments/projects/commons-collections/src/main/java/org/apache/commons/collections4/map/DefaultedMap.java,src/test/java/org/apache/commons/collections4/map/DefaultedMapTest.java,src/main/java/org/apache/commons/collections4/map/DefaultedMap.java,true,true,true,true,false,true,true,true,true,false,false,true,true,true,true,true,true,true,true,false,false,true,false
commons-collections,MultiKeyMapTest.java,/home/ubuntu/experiments/projects/commons-collections/src/test/java/org/apache/commons/collections4/map/MultiKeyMapTest.java,/home/ubuntu/experiments/projects/commons-collections/src/main/java/org/apache/commons/collections4/map/MultiKeyMap.java,src/test/java/org/apache/commons/collections4/map/MultiKeyMapTest.java,src/main/java/org/apache/commons/collections4/map/MultiKeyMap.java,true,true,true,true,false,true,true,true,true,false,false,true,true,true,true,true,true,true,true,false,false,true,false
commons-collections,TransformedSortedMapTest.java,/home/ubuntu/experiments/projects/commons-collections/src/test/java/org/apache/commons/collections4/map/TransformedSortedMapTest.java,/home/ubuntu/experiments/projects/commons-collections/src/main/java/org/apache/commons/collections4/map/TransformedSortedMap.java,src/test/java/org/apache/commons/collections4/map/TransformedSortedMapTest.java,src/main/java/org/apache/commons/collections4/map/TransformedSortedMap.java,true,true,true,true,false,true,true,true,true,false,false,true,true,true,true,true,true,true,true,false,false,true,false
commons-collections,StaticBucketMapTest.java,/home/ubuntu/experiments/projects/commons-collections/src/test/java/org/apache/commons/collections4/map/StaticBucketMapTest.java,/home/ubuntu/experiments/projects/commons-collections/src/main/java/org/apache/commons/collections4/map/StaticBucketMap.java,src/test/java/org/apache/commons/collections4/map/StaticBucketMapTest.java,src/main/java/org/apache/commons/collections4/map/StaticBucketMap.java,true,true,true,true,false,true,true,true,true,false,false,true,true,true,true,true,true,true,true,false,false,true,false
commons-collections,PassiveExpiringMapTest.java,/home/ubuntu/experiments/projects/commons-collections/src/test/java/org/apache/commons/collections4/map/PassiveExpiringMapTest.java,/home/ubuntu/experiments/projects/commons-collections/src/main/java/org/apache/commons/collections4/map/PassiveExpiringMap.java,src/test/java/org/apache/commons/collections4/map/PassiveExpiringMapTest.java,src/main/java/org/apache/commons/collections4/map/PassiveExpiringMap.java,true,true,true,true,false,true,true,true,true,false,false,true,true,true,true,true,true,true,true,false,false,true,false
commons-collections,CompositeMapTest.java,/home/ubuntu/experiments/projects/commons-collections/src/test/java/org/apache/commons/collections4/map/CompositeMapTest.java,/home/ubuntu/experiments/projects/commons-collections/src/main/java/org/apache/commons/collections4/map/CompositeMap.java,src/test/java/org/apache/commons/collections4/map/CompositeMapTest.java,src/main/java/org/apache/commons/collections4/map/CompositeMap.java,true,true,true,true,false,true,true,true,true,false,false,true,true,true,true,true,true,true,true,false,false,true,false
commons-collections,MultiValueMapTest.java,/home/ubuntu/experiments/projects/commons-collections/src/test/java/org/apache/commons/collections4/map/MultiValueMapTest.java,/home/ubuntu/experiments/projects/commons-collections/src/main/java/org/apache/commons/collections4/map/MultiValueMap.java,src/test/java/org/apache/commons/collections4/map/MultiValueMapTest.java,src/main/java/org/apache/commons/collections4/map/MultiValueMap.java,true,true,true,true,false,true,true,true,true,false,false,true,true,true,true,true,true,true,true,false,false,true,false
commons-collections,LazyMapTest.java,/home/ubuntu/experiments/projects/commons-collections/src/test/java/org/apache/commons/collections4/map/LazyMapTest.java,/home/ubuntu/experiments/projects/commons-collections/src/main/java/org/apache/commons/collections4/map/LazyMap.java,src/test/java/org/apache/commons/collections4/map/LazyMapTest.java,src/main/java/org/apache/commons/collections4/map/LazyMap.java,true,true,true,true,false,true,true,true,true,false,false,true,true,true,true,true,true,true,true,false,false,true,false
commons-collections,TransformedBagTest.java,/home/ubuntu/experiments/projects/commons-collections/src/test/java/org/apache/commons/collections4/bag/TransformedBagTest.java,/home/ubuntu/experiments/projects/commons-collections/src/main/java/org/apache/commons/collections4/bag/TransformedBag.java,src/test/java/org/apache/commons/collections4/bag/TransformedBagTest.java,src/main/java/org/apache/commons/collections4/bag/TransformedBag.java,true,true,true,true,false,true,true,true,true,false,false,true,true,true,true,true,true,true,true,false,false,true,false
commons-collections,TreeBagTest.java,/home/ubuntu/experiments/projects/commons-collections/src/test/java/org/apache/commons/collections4/bag/TreeBagTest.java,/home/ubuntu/experiments/projects/commons-collections/src/main/java/org/apache/commons/collections4/bag/TreeBag.java,src/test/java/org/apache/commons/collections4/bag/TreeBagTest.java,src/main/java/org/apache/commons/collections4/bag/TreeBag.java,true,true,true,true,false,true,true,true,true,false,false,true,true,true,true,true,true,true,true,false,false,true,false
commons-collections,UnmodifiableBagTest.java,/home/ubuntu/experiments/projects/commons-collections/src/test/java/org/apache/commons/collections4/bag/UnmodifiableBagTest.java,/home/ubuntu/experiments/projects/commons-collections/src/main/java/org/apache/commons/collections4/bag/UnmodifiableBag.java,src/test/java/org/apache/commons/collections4/bag/UnmodifiableBagTest.java,src/main/java/org/apache/commons/collections4/bag/UnmodifiableBag.java,true,true,true,true,false,true,true,true,true,false,false,true,true,true,true,true,true,true,true,false,false,true,false
commons-collections,PredicatedSortedBagTest.java,/home/ubuntu/experiments/projects/commons-collections/src/test/java/org/apache/commons/collections4/bag/PredicatedSortedBagTest.java,/home/ubuntu/experiments/projects/commons-collections/src/main/java/org/apache/commons/collections4/bag/PredicatedSortedBag.java,src/test/java/org/apache/commons/collections4/bag/PredicatedSortedBagTest.java,src/main/java/org/apache/commons/collections4/bag/PredicatedSortedBag.java,true,true,true,true,false,true,true,true,true,false,false,true,true,true,true,true,true,true,true,false,false,true,false
commons-collections,SynchronizedBagTest.java,/home/ubuntu/experiments/projects/commons-collections/src/test/java/org/apache/commons/collections4/bag/SynchronizedBagTest.java,/home/ubuntu/experiments/projects/commons-collections/src/main/java/org/apache/commons/collections4/bag/SynchronizedBag.java,src/test/java/org/apache/commons/collections4/bag/SynchronizedBagTest.java,src/main/java/org/apache/commons/collections4/bag/SynchronizedBag.java,true,true,true,true,false,true,true,true,true,false,false,true,true,true,true,true,true,true,true,false,false,true,false
commons-collections,CollectionBagTest.java,/home/ubuntu/experiments/projects/commons-collections/src/test/java/org/apache/commons/collections4/bag/CollectionBagTest.java,/home/ubuntu/experiments/projects/commons-collections/src/main/java/org/apache/commons/collections4/bag/CollectionBag.java,src/test/java/org/apache/commons/collections4/bag/CollectionBagTest.java,src/main/java/org/apache/commons/collections4/bag/CollectionBag.java,true,true,true,true,false,true,true,true,true,false,false,true,true,true,true,true,true,true,true,false,false,true,false
commons-collections,PredicatedBagTest.java,/home/ubuntu/experiments/projects/commons-collections/src/test/java/org/apache/commons/collections4/bag/PredicatedBagTest.java,/home/ubuntu/experiments/projects/commons-collections/src/main/java/org/apache/commons/collections4/bag/PredicatedBag.java,src/test/java/org/apache/commons/collections4/bag/PredicatedBagTest.java,src/main/java/org/apache/commons/collections4/bag/PredicatedBag.java,true,true,true,true,false,true,true,true,true,false,false,true,true,true,true,true,true,true,true,false,false,true,false
commons-collections,TransformedSortedBagTest.java,/home/ubuntu/experiments/projects/commons-collections/src/test/java/org/apache/commons/collections4/bag/TransformedSortedBagTest.java,/home/ubuntu/experiments/projects/commons-collections/src/main/java/org/apache/commons/collections4/bag/TransformedSortedBag.java,src/test/java/org/apache/commons/collections4/bag/TransformedSortedBagTest.java,src/main/java/org/apache/commons/collections4/bag/TransformedSortedBag.java,true,true,true,true,false,true,true,true,true,false,false,true,true,true,true,true,true,true,true,false,false,true,false
commons-collections,CollectionSortedBagTest.java,/home/ubuntu/experiments/projects/commons-collections/src/test/java/org/apache/commons/collections4/bag/CollectionSortedBagTest.java,/home/ubuntu/experiments/projects/commons-collections/src/main/java/org/apache/commons/collections4/bag/CollectionSortedBag.java,src/test/java/org/apache/commons/collections4/bag/CollectionSortedBagTest.java,src/main/java/org/apache/commons/collections4/bag/CollectionSortedBag.java,true,true,true,true,false,true,true,true,true,false,false,true,true,true,true,true,true,true,true,false,false,true,false
commons-collections,HashBagTest.java,/home/ubuntu/experiments/projects/commons-collections/src/test/java/org/apache/commons/collections4/bag/HashBagTest.java,/home/ubuntu/experiments/projects/commons-collections/src/main/java/org/apache/commons/collections4/bag/HashBag.java,src/test/java/org/apache/commons/collections4/bag/HashBagTest.java,src/main/java/org/apache/commons/collections4/bag/HashBag.java,true,true,true,true,false,true,true,true,true,false,false,true,true,true,true,true,true,true,true,false,false,true,false
commons-collections,UnmodifiableSortedBagTest.java,/home/ubuntu/experiments/projects/commons-collections/src/test/java/org/apache/commons/collections4/bag/UnmodifiableSortedBagTest.java,/home/ubuntu/experiments/projects/commons-collections/src/main/java/org/apache/commons/collections4/bag/UnmodifiableSortedBag.java,src/test/java/org/apache/commons/collections4/bag/UnmodifiableSortedBagTest.java,src/main/java/org/apache/commons/collections4/bag/UnmodifiableSortedBag.java,true,true,true,true,false,true,true,true,true,false,false,true,true,true,true,true,true,true,true,false,false,true,false
commons-collections,TransformedSplitMapTest.java,/home/ubuntu/experiments/projects/commons-collections/src/test/java/org/apache/commons/collections4/splitmap/TransformedSplitMapTest.java,/home/ubuntu/experiments/projects/commons-collections/src/main/java/org/apache/commons/collections4/splitmap/TransformedSplitMap.java,src/test/java/org/apache/commons/collections4/splitmap/TransformedSplitMapTest.java,src/main/java/org/apache/commons/collections4/splitmap/TransformedSplitMap.java,true,true,true,true,false,true,true,true,true,false,false,true,true,true,true,true,true,true,true,false,false,true,false
commons-collections,UnmodifiableListTest.java,/home/ubuntu/experiments/projects/commons-collections/src/test/java/org/apache/commons/collections4/list/UnmodifiableListTest.java,/home/ubuntu/experiments/projects/commons-collections/src/main/java/org/apache/commons/collections4/list/UnmodifiableList.java,src/test/java/org/apache/commons/collections4/list/UnmodifiableListTest.java,src/main/java/org/apache/commons/collections4/list/UnmodifiableList.java,true,true,true,true,false,true,true,true,true,false,false,true,true,true,true,true,true,true,true,false,false,true,false
commons-collections,NodeCachingLinkedListTest.java,/home/ubuntu/experiments/projects/commons-collections/src/test/java/org/apache/commons/collections4/list/NodeCachingLinkedListTest.java,/home/ubuntu/experiments/projects/commons-collections/src/main/java/org/apache/commons/collections4/list/NodeCachingLinkedList.java,src/test/java/org/apache/commons/collections4/list/NodeCachingLinkedListTest.java,src/main/java/org/apache/commons/collections4/list/NodeCachingLinkedList.java,true,true,true,true,false,true,true,true,true,false,false,true,true,true,true,true,true,true,true,false,false,true,false
commons-collections,GrowthListTest.java,/home/ubuntu/experiments/projects/commons-collections/src/test/java/org/apache/commons/collections4/list/GrowthListTest.java,/home/ubuntu/experiments/projects/commons-collections/src/main/java/org/apache/commons/collections4/list/GrowthList.java,src/test/java/org/apache/commons/collections4/list/GrowthListTest.java,src/main/java/org/apache/commons/collections4/list/GrowthList.java,true,true,true,true,false,true,true,true,true,false,false,true,true,true,true,true,true,true,true,false,false,true,false
commons-collections,CursorableLinkedListTest.java,/home/ubuntu/experiments/projects/commons-collections/src/test/java/org/apache/commons/collections4/list/CursorableLinkedListTest.java,/home/ubuntu/experiments/projects/commons-collections/src/main/java/org/apache/commons/collections4/list/CursorableLinkedList.java,src/test/java/org/apache/commons/collections4/list/CursorableLinkedListTest.java,src/main/java/org/apache/commons/collections4/list/CursorableLinkedList.java,true,true,true,true,false,true,true,true,true,false,false,true,true,true,true,true,true,true,true,false,false,true,false
commons-collections,SetUniqueListTest.java,/home/ubuntu/experiments/projects/commons-collections/src/test/java/org/apache/commons/collections4/list/SetUniqueListTest.java,/home/ubuntu/experiments/projects/commons-collections/src/main/java/org/apache/commons/collections4/list/SetUniqueList.java,src/test/java/org/apache/commons/collections4/list/SetUniqueListTest.java,src/main/java/org/apache/commons/collections4/list/SetUniqueList.java,true,true,true,true,false,true,true,true,true,false,false,true,true,true,true,true,true,true,true,false,false,true,false
commons-collections,PredicatedListTest.java,/home/ubuntu/experiments/projects/commons-collections/src/test/java/org/apache/commons/collections4/list/PredicatedListTest.java,/home/ubuntu/experiments/projects/commons-collections/src/main/java/org/apache/commons/collections4/list/PredicatedList.java,src/test/java/org/apache/commons/collections4/list/PredicatedListTest.java,src/main/java/org/apache/commons/collections4/list/PredicatedList.java,true,true,true,true,false,true,true,true,true,false,false,true,true,true,true,true,true,true,true,false,false,true,false
commons-collections,FixedSizeListTest.java,/home/ubuntu/experiments/projects/commons-collections/src/test/java/org/apache/commons/collections4/list/FixedSizeListTest.java,/home/ubuntu/experiments/projects/commons-collections/src/main/java/org/apache/commons/collections4/list/FixedSizeList.java,src/test/java/org/apache/commons/collections4/list/FixedSizeListTest.java,src/main/java/org/apache/commons/collections4/list/FixedSizeList.java,true,true,true,true,false,true,true,true,true,false,false,true,true,true,true,true,true,true,true,false,false,true,false
commons-collections,TreeListTest.java,/home/ubuntu/experiments/projects/commons-collections/src/test/java/org/apache/commons/collections4/list/TreeListTest.java,/home/ubuntu/experiments/projects/commons-collections/src/main/java/org/apache/commons/collections4/list/TreeList.java,src/test/java/org/apache/commons/collections4/list/TreeListTest.java,src/main/java/org/apache/commons/collections4/list/TreeList.java,true,true,true,true,false,true,true,true,true,false,false,true,true,true,true,true,true,true,true,false,false,true,false
commons-collections,TransformedListTest.java,/home/ubuntu/experiments/projects/commons-collections/src/test/java/org/apache/commons/collections4/list/TransformedListTest.java,/home/ubuntu/experiments/projects/commons-collections/src/main/java/org/apache/commons/collections4/list/TransformedList.java,src/test/java/org/apache/commons/collections4/list/TransformedListTest.java,src/main/java/org/apache/commons/collections4/list/TransformedList.java,true,true,true,true,false,true,true,true,true,false,false,true,true,true,true,true,true,true,true,false,false,true,false
commons-collections,DefaultKeyValueTest.java,/home/ubuntu/experiments/projects/commons-collections/src/test/java/org/apache/commons/collections4/keyvalue/DefaultKeyValueTest.java,/home/ubuntu/experiments/projects/commons-collections/src/main/java/org/apache/commons/collections4/keyvalue/DefaultKeyValue.java,src/test/java/org/apache/commons/collections4/keyvalue/DefaultKeyValueTest.java,src/main/java/org/apache/commons/collections4/keyvalue/DefaultKeyValue.java,true,true,true,true,false,true,true,true,true,false,false,true,true,true,true,true,true,true,true,false,false,true,false
commons-collections,DefaultMapEntryTest.java,/home/ubuntu/experiments/projects/commons-collections/src/test/java/org/apache/commons/collections4/keyvalue/DefaultMapEntryTest.java,/home/ubuntu/experiments/projects/commons-collections/src/main/java/org/apache/commons/collections4/keyvalue/DefaultMapEntry.java,src/test/java/org/apache/commons/collections4/keyvalue/DefaultMapEntryTest.java,src/main/java/org/apache/commons/collections4/keyvalue/DefaultMapEntry.java,true,true,true,true,false,true,true,true,true,false,false,true,true,true,true,true,true,true,true,false,false,true,false
commons-collections,TiedMapEntryTest.java,/home/ubuntu/experiments/projects/commons-collections/src/test/java/org/apache/commons/collections4/keyvalue/TiedMapEntryTest.java,/home/ubuntu/experiments/projects/commons-collections/src/main/java/org/apache/commons/collections4/keyvalue/TiedMapEntry.java,src/test/java/org/apache/commons/collections4/keyvalue/TiedMapEntryTest.java,src/main/java/org/apache/commons/collections4/keyvalue/TiedMapEntry.java,true,true,true,true,false,true,true,true,true,false,false,true,true,true,true,true,true,true,true,false,false,true,false
commons-collections,UnmodifiableMapEntryTest.java,/home/ubuntu/experiments/projects/commons-collections/src/test/java/org/apache/commons/collections4/keyvalue/UnmodifiableMapEntryTest.java,/home/ubuntu/experiments/projects/commons-collections/src/main/java/org/apache/commons/collections4/keyvalue/UnmodifiableMapEntry.java,src/test/java/org/apache/commons/collections4/keyvalue/UnmodifiableMapEntryTest.java,src/main/java/org/apache/commons/collections4/keyvalue/UnmodifiableMapEntry.java,true,true,true,true,false,true,true,true,true,false,false,true,true,true,true,true,true,true,true,false,false,true,false
commons-collections,MultiKeyTest.java,/home/ubuntu/experiments/projects/commons-collections/src/test/java/org/apache/commons/collections4/keyvalue/MultiKeyTest.java,/home/ubuntu/experiments/projects/commons-collections/src/main/java/org/apache/commons/collections4/keyvalue/MultiKey.java,src/test/java/org/apache/commons/collections4/keyvalue/MultiKeyTest.java,src/main/java/org/apache/commons/collections4/keyvalue/MultiKey.java,true,true,true,true,false,true,true,true,true,false,false,true,true,true,true,true,true,true,true,false,false,true,false
commons-collections,PredicatedQueueTest.java,/home/ubuntu/experiments/projects/commons-collections/src/test/java/org/apache/commons/collections4/queue/PredicatedQueueTest.java,/home/ubuntu/experiments/projects/commons-collections/src/main/java/org/apache/commons/collections4/queue/PredicatedQueue.java,src/test/java/org/apache/commons/collections4/queue/PredicatedQueueTest.java,src/main/java/org/apache/commons/collections4/queue/PredicatedQueue.java,true,true,true,true,false,true,true,true,true,false,false,true,true,true,true,true,true,true,true,false,false,true,false
commons-collections,TransformedQueueTest.java,/home/ubuntu/experiments/projects/commons-collections/src/test/java/org/apache/commons/collections4/queue/TransformedQueueTest.java,/home/ubuntu/experiments/projects/commons-collections/src/main/java/org/apache/commons/collections4/queue/TransformedQueue.java,src/test/java/org/apache/commons/collections4/queue/TransformedQueueTest.java,src/main/java/org/apache/commons/collections4/queue/TransformedQueue.java,true,true,true,true,false,true,true,true,true,false,false,true,true,true,true,true,true,true,true,false,false,true,false
commons-collections,UnmodifiableQueueTest.java,/home/ubuntu/experiments/projects/commons-collections/src/test/java/org/apache/commons/collections4/queue/UnmodifiableQueueTest.java,/home/ubuntu/experiments/projects/commons-collections/src/main/java/org/apache/commons/collections4/queue/UnmodifiableQueue.java,src/test/java/org/apache/commons/collections4/queue/UnmodifiableQueueTest.java,src/main/java/org/apache/commons/collections4/queue/UnmodifiableQueue.java,true,true,true,true,false,true,true,true,true,false,false,true,true,true,true,true,true,true,true,false,false,true,false
commons-collections,SynchronizedQueueTest.java,/home/ubuntu/experiments/projects/commons-collections/src/test/java/org/apache/commons/collections4/queue/SynchronizedQueueTest.java,/home/ubuntu/experiments/projects/commons-collections/src/main/java/org/apache/commons/collections4/queue/SynchronizedQueue.java,src/test/java/org/apache/commons/collections4/queue/SynchronizedQueueTest.java,src/main/java/org/apache/commons/collections4/queue/SynchronizedQueue.java,true,true,true,true,false,true,true,true,true,false,false,true,true,true,true,true,true,true,true,false,false,true,false
commons-collections,CircularFifoQueueTest.java,/home/ubuntu/experiments/projects/commons-collections/src/test/java/org/apache/commons/collections4/queue/CircularFifoQueueTest.java,/home/ubuntu/experiments/projects/commons-collections/src/main/java/org/apache/commons/collections4/queue/CircularFifoQueue.java,src/test/java/org/apache/commons/collections4/queue/CircularFifoQueueTest.java,src/main/java/org/apache/commons/collections4/queue/CircularFifoQueue.java,true,true,true,true,false,true,true,true,true,false,false,true,true,true,true,true,true,true,true,false,false,true,false
commons-collections,DualLinkedHashBidiMapTest.java,/home/ubuntu/experiments/projects/commons-collections/src/test/java/org/apache/commons/collections4/bidimap/DualLinkedHashBidiMapTest.java,/home/ubuntu/experiments/projects/commons-collections/src/main/java/org/apache/commons/collections4/bidimap/DualLinkedHashBidiMap.java,src/test/java/org/apache/commons/collections4/bidimap/DualLinkedHashBidiMapTest.java,src/main/java/org/apache/commons/collections4/bidimap/DualLinkedHashBidiMap.java,true,true,true,true,false,true,true,true,true,false,false,true,true,true,true,true,true,true,true,false,false,true,false
commons-collections,TreeBidiMapTest.java,/home/ubuntu/experiments/projects/commons-collections/src/test/java/org/apache/commons/collections4/bidimap/TreeBidiMapTest.java,/home/ubuntu/experiments/projects/commons-collections/src/main/java/org/apache/commons/collections4/bidimap/TreeBidiMap.java,src/test/java/org/apache/commons/collections4/bidimap/TreeBidiMapTest.java,src/main/java/org/apache/commons/collections4/bidimap/TreeBidiMap.java,true,true,true,true,false,true,true,true,true,false,false,true,true,true,true,true,true,true,true,false,false,true,false
commons-collections,DualTreeBidiMapTest.java,/home/ubuntu/experiments/projects/commons-collections/src/test/java/org/apache/commons/collections4/bidimap/DualTreeBidiMapTest.java,/home/ubuntu/experiments/projects/commons-collections/src/main/java/org/apache/commons/collections4/bidimap/DualTreeBidiMap.java,src/test/java/org/apache/commons/collections4/bidimap/DualTreeBidiMapTest.java,src/main/java/org/apache/commons/collections4/bidimap/DualTreeBidiMap.java,true,true,true,true,false,true,true,true,true,false,false,true,true,true,true,true,true,true,true,false,false,true,false
commons-collections,UnmodifiableSortedBidiMapTest.java,/home/ubuntu/experiments/projects/commons-collections/src/test/java/org/apache/commons/collections4/bidimap/UnmodifiableSortedBidiMapTest.java,/home/ubuntu/experiments/projects/commons-collections/src/main/java/org/apache/commons/collections4/bidimap/UnmodifiableSortedBidiMap.java,src/test/java/org/apache/commons/collections4/bidimap/UnmodifiableSortedBidiMapTest.java,src/main/java/org/apache/commons/collections4/bidimap/UnmodifiableSortedBidiMap.java,true,true,true,true,false,true,true,true,true,false,false,true,true,true,true,true,true,true,true,false,false,true,false
commons-collections,UnmodifiableBidiMapTest.java,/home/ubuntu/experiments/projects/commons-collections/src/test/java/org/apache/commons/collections4/bidimap/UnmodifiableBidiMapTest.java,/home/ubuntu/experiments/projects/commons-collections/src/main/java/org/apache/commons/collections4/bidimap/UnmodifiableBidiMap.java,src/test/java/org/apache/commons/collections4/bidimap/UnmodifiableBidiMapTest.java,src/main/java/org/apache/commons/collections4/bidimap/UnmodifiableBidiMap.java,true,true,true,true,false,true,true,true,true,false,false,true,true,true,true,true,true,true,true,false,false,true,false
commons-collections,DualHashBidiMapTest.java,/home/ubuntu/experiments/projects/commons-collections/src/test/java/org/apache/commons/collections4/bidimap/DualHashBidiMapTest.java,/home/ubuntu/experiments/projects/commons-collections/src/main/java/org/apache/commons/collections4/bidimap/DualHashBidiMap.java,src/test/java/org/apache/commons/collections4/bidimap/DualHashBidiMapTest.java,src/main/java/org/apache/commons/collections4/bidimap/DualHashBidiMap.java,true,true,true,true,false,true,true,true,true,false,false,true,true,true,true,true,true,true,true,false,false,true,false
commons-collections,UnmodifiableOrderedBidiMapTest.java,/home/ubuntu/experiments/projects/commons-collections/src/test/java/org/apache/commons/collections4/bidimap/UnmodifiableOrderedBidiMapTest.java,/home/ubuntu/experiments/projects/commons-collections/src/main/java/org/apache/commons/collections4/bidimap/UnmodifiableOrderedBidiMap.java,src/test/java/org/apache/commons/collections4/bidimap/UnmodifiableOrderedBidiMapTest.java,src/main/java/org/apache/commons/collections4/bidimap/UnmodifiableOrderedBidiMap.java,true,true,true,true,false,true,true,true,true,false,false,true,true,true,true,true,true,true,true,false,false,true,false
